{"input_number": 4, "name": "20231011-173205", "architecture": [4, 61, 51, 28, 39, 26, 21, 20, 14, 1], "learning_rate": 0.003708, "dropout_rate": 0.325, "learning_rate_decay": 0.97, "rythm": 15, "alpha_acti": 0, "batch_size": 32, "optimizer": "adam", "max_epochs": 700, "steps": 25, "loss_function": "msle", "loss_delta_stop": 0.005, "batch_normalisation": true, "patience": 50, "data_seed": 1, "seed_tf": 1, "normalization_mean": [306.02556645258517, 9810041.426334664, 2034.1997121066752, 0.34688963078943297], "normalization_std": [253.97366940122356, 5578599.337366623, 1526.2736254055126, 0.27406103481826355], "mpe": -0.16327668188316152, "msle": 0.0452482179752618, "mean_MP": 1.047480172827511, "std_MP": 0.22103393040115993, "nrmse": 0.2846374016785633, "trained_epochs": 700, "verbose": 1, "metric_name": "mape", "mape": 16.727392025582834}