{"input_number": 4, "name": "20230802-152350", "architecture": [4, 61, 51, 28, 39, 26, 21, 20, 14, 1], "learning_rate": 0.003420540282034936, "dropout_rate": 0.3348589818400747, "learning_rate_decay": 0.96, "rythm": 32, "alpha_acti": 0, "batch_size": 32, "optimizer": "adam", "max_epochs": 400, "loss_function": "msle", "loss_delta_stop": 0.001, "batch_normalisation": true, "patience": 50, "data_seed": 1, "seed_tf": 1, "normalization_mean": [306.02556645258517, 9810041.426334664, 2034.1997121066752, 0.34688963078943297], "normalization_std": [253.97366940122356, 5578599.337366623, 1526.2736254055126, 0.27406103481826355], "metric_name": "msle", "mpe": 1.4639673036946674, "mean_MP": 1.0273212118304453, "std_MP": 0.20473842331055542, "nrmse": 0.23819018478367712, "trained_epochs": 400, "verbose": 1, "mape": 16.19670485987458, "msle": 0.041409840813971664}