{"input_number": 4, "name": "20230728-144950", "architecture": [4, 61, 51, 28, 39, 26, 21, 20, 14, 1], "learning_rate": 0.01, "dropout_rate": 0.2, "learning_rate_decay": 0.96, "rythm": 32, "alpha_acti": 0, "batch_size": 32, "optimizer": "adam", "max_epochs": 100, "loss_function": "msle", "loss_delta_stop": 0.001, "batch_normalisation": true, "patience": 20, "data_seed": 1, "seed_tf": 1, "normalization_mean": [305.9968678533564, 9754669.947074097, 2035.3910575194725, 0.34938015777910786], "normalization_std": [253.754249736768, 5568103.752251855, 1520.165441868585, 0.27408590417553425], "mpe": 2.26191065455487, "msle": 0.044479755102881484, "mean_MP": 1.022483530166803, "std_MP": 0.21986523367092323, "nrmse": 0.2813668898886201, "verbose": 1, "metric_name": null, "mape": 16.624392843363836}