{"input_number": 4, "name": "20231011-181423", "architecture": [4, 61, 51, 28, 39, 26, 21, 20, 14, 1], "learning_rate": 0.005708, "dropout_rate": 0.325, "learning_rate_decay": 0.97, "rythm": 15, "alpha_acti": 0, "batch_size": 32, "optimizer": "adam", "max_epochs": 700, "steps": 25, "loss_function": "msle", "loss_delta_stop": 0.005, "batch_normalisation": true, "patience": 50, "data_seed": 1, "seed_tf": 1, "normalization_mean": [306.02556645258517, 9810041.426334664, 2034.1997121066752, 0.34688963078943297], "normalization_std": [253.97366940122356, 5578599.337366623, 1526.2736254055126, 0.27406103481826355], "mpe": 1.2642480395684554, "msle": 0.179113185266334, "mean_MP": "inf", "std_MP": null, "nrmse": 0.2682279108615324, "trained_epochs": 700, "verbose": 1, "metric_name": "mape", "mape": 17.618854733067145}