{"input_number": 4, "name": "20230727-211711", "architecture": [4, 61, 51, 28, 39, 26, 21, 20, 14, 1], "learning_rate": 0.001, "dropout_rate": 0.25401106288895464, "learning_rate_decay": 0.96, "rythm": 32, "alpha_acti": 0, "batch_size": 32, "optimizer": "adam", "max_epochs": 700, "loss_function": "msle", "loss_delta_stop": 0.001, "batch_normalisation": true, "patience": 20, "data_seed": 1, "seed_tf": 1, "normalization_mean": [305.9968678533564, 9754669.947074097, 2035.3910575194725, 0.34938015777910786], "normalization_std": [253.754249736768, 5568103.752251855, 1520.165441868585, 0.27408590417553425], "mpe": -9.068285168886375, "msle": 0.20410200423316036, "mean_MP": 1.3047160910325926, "std_MP": 0.6434818440339637, "nrmse": 0.5993315322535894, "verbose": 1, "metric_name": null}