{"input_number": 4, "name": "20231013-021759", "architecture": [4, 61, 51, 28, 39, 26, 21, 20, 14, 1], "learning_rate": 0.001, "dropout_rate": 0.125, "learning_rate_decay": 0.96, "rythm": 32, "alpha_acti": 0, "batch_size": 16, "optimizer": "adam", "max_epochs": 700, "steps": 25, "loss_function": "msle", "loss_delta_stop": 0.005, "batch_normalisation": true, "patience": 50, "data_seed": 1, "seed_tf": 1, "normalization_mean": [306.02556645258517, 9810041.426334664, 2034.1997121066752, 0.34688963078943297], "normalization_std": [253.97366940122356, 5578599.337366623, 1526.2736254055126, 0.27406103481826355], "mpe": 1.898829559619169, "msle": 0.2530625576882195, "mean_MP": "inf", "std_MP": null, "nrmse": 0.2994721290707161, "trained_epochs": 700, "verbose": 1, "metric_name": "mape", "mape": 18.532794271828838}