{"input_number": 4, "name": "20231011-144150", "architecture": [4, 61, 51, 28, 39, 26, 21, 20, 14, 1], "learning_rate": 0.03708, "dropout_rate": 0.325, "learning_rate_decay": 0.97, "rythm": 15, "alpha_acti": 0, "batch_size": 32, "optimizer": "adam", "max_epochs": 500, "steps": 25, "loss_function": "msle", "loss_delta_stop": 0.01, "batch_normalisation": true, "patience": 50, "data_seed": 1, "seed_tf": 1, "normalization_mean": [306.02556645258517, 9810041.426334664, 2034.1997121066752, 0.34688963078943297], "normalization_std": [253.97366940122356, 5578599.337366623, 1526.2736254055126, 0.27406103481826355], "mpe": -3.7181118824709736, "msle": 0.14981384008636012, "mean_MP": "inf", "std_MP": null, "nrmse": 0.2584178736412101, "trained_epochs": 500, "verbose": 1, "metric_name": "mape", "mape": 18.677159042633754}