{"input_number": 4, "name": "20231004-234435", "architecture": [4, 61, 51, 28, 39, 26, 21, 20, 14, 1], "learning_rate": 0.003420540282034936, "dropout_rate": 0.3348589818400747, "learning_rate_decay": 0.83, "rythm": 20, "alpha_acti": 0, "batch_size": 32, "optimizer": "adam", "max_epochs": 400, "loss_function": "msle", "loss_delta_stop": 0.001, "batch_normalisation": true, "patience": 30, "data_seed": 1, "seed_tf": 1, "verbose": 1, "metric_name": "msle", "normalization_mean": [306.02556645258517, 9810041.426334664, 2034.1997121066752, 0.34688963078943297], "normalization_std": [253.97366940122356, 5578599.337366623, 1526.2736254055126, 0.27406103481826355], "mpe": -99.9840157456243, "mean_MP": "inf", "std_MP": null, "nrmse": 1.211510997458156, "trained_epochs": 2, "mape": 99.9840157456243, "msle": 81.75534042655686}