{"input_number": 4, "name": "20231012-030411", "architecture": [4, 61, 51, 28, 39, 26, 21, 20, 14, 1], "learning_rate": 0.001708, "dropout_rate": 0.325, "learning_rate_decay": 0.95, "rythm": 20, "alpha_acti": 0, "batch_size": 32, "optimizer": "adam", "max_epochs": 700, "steps": 25, "loss_function": "msle", "loss_delta_stop": 0.005, "batch_normalisation": true, "patience": 50, "data_seed": 1, "seed_tf": 1, "normalization_mean": [306.02556645258517, 9810041.426334664, 2034.1997121066752, 0.34688963078943297], "normalization_std": [253.97366940122356, 5578599.337366623, 1526.2736254055126, 0.27406103481826355], "mpe": -1.752154823213235, "msle": 0.08602770659945011, "mean_MP": 1.105627494255444, "std_MP": 0.3495616519289167, "nrmse": 0.43120317091015886, "trained_epochs": 700, "verbose": 1, "metric_name": "mape", "mape": 22.28308969285358}