{"name": "20230725-021234", "architecture": [5, 7, 34, 55, 55, 66, 68, 70, 1], "learning_rate": 0.01135517123343828, "dropout_rate": 0.22659412272466797, "learning_rate_decay": 0.96, "rythm": 15, "alpha_acti": 0, "batch_size": 32, "optimizer": "adam", "max_epochs": 100, "loss_function": "msle", "loss_delta_stop": 0.0001, "batch_normalisation": true, "patience": 15, "data_seed": 1, "seed_tf": 1, "normalization_mean": [305.9968678533564, 9754669.947074097, 2035.3910575194725, 0.34938015777910786, 471801.40008987417], "normalization_std": [253.754249736768, 5568103.752251855, 1520.165441868585, 0.27408590417553425, 330639.23572317336], "mpe": 15.18325058358715, "mean_MP": 0.9537506041805636, "std_MP": 0.2105570742895766, "nrmse": 0.2504186038520894, "verbose": 1, "msle": 0.05707319986247925}