{"name": "20230725-154946", "architecture": [5, 61, 51, 28, 39, 26, 21, 20, 14, 1], "learning_rate": 0.01, "dropout_rate": 0.25401106288895464, "learning_rate_decay": 0.96, "rythm": 32, "alpha_acti": 0, "batch_size": 32, "optimizer": "adam", "max_epochs": 1, "loss_function": "msle", "loss_delta_stop": 0.001, "batch_normalisation": true, "patience": 20, "data_seed": 1, "seed_tf": 1, "normalization_mean": [305.9968678533564, 9754669.947074097, 2035.3910575194725, 0.34938015777910786, 471801.40008987417], "normalization_std": [253.754249736768, 5568103.752251855, 1520.165441868585, 0.27408590417553425, 330639.23572317336], "mpe": -2.631102850855986, "msle": 0.014003362346418448, "mean_MP": 0.988005699907388, "std_MP": 0.12205205560943981, "nrmse": 0.1804216115248154, "verbose": 1, "metric_name": null}