{"input_number": 4, "name": "20230804-190544", "architecture": [4, 60, 56, 25, 42, 23, 22, 16, 19, 1], "learning_rate": 0.003420540282034936, "dropout_rate": 0.3348589818400747, "learning_rate_decay": 0.96, "rythm": 20, "alpha_acti": 0, "batch_size": 32, "optimizer": "adam", "max_epochs": 1000, "loss_function": "msle", "loss_delta_stop": 0.001, "batch_normalisation": true, "patience": 50, "data_seed": 1, "seed_tf": 1, "normalization_mean": [306.02556645258517, 9810041.426334664, 2034.1997121066752, 0.34688963078943297], "normalization_std": [253.97366940122356, 5578599.337366623, 1526.2736254055126, 0.27406103481826355], "metric_name": "msle", "mpe": 3.919278606176145, "mean_MP": 1.0029391243534396, "std_MP": 0.19770918323191294, "nrmse": 0.2312139539946654, "trained_epochs": 1000, "verbose": 1, "mape": 16.561711663430494, "msle": 0.04158262630309457}