{"name": "20230723-182149", "architecture": [5, 39, 40, 31, 42, 1], "learning_rate": 0.001, "dropout_rate": 0.2, "learning_rate_decay": 0.96, "rythm": 15, "alpha_acti": 0, "batch_size": 32, "optimizer": "adam", "max_epochs": 2, "loss_function": "msle", "loss_delta_stop": 0.01, "batch_normalisation": true, "patience": 15, "data_seed": 1, "seed_tf": 1, "normalization_mean": [305.9968678533564, 9754669.947074097, 2035.3910575194725, 0.34938015777910786, 471801.40008987417], "normalization_std": [253.754249736768, 5568103.752251855, 1520.165441868585, 0.27408590417553425, 330639.23572317336], "mpe": 99.99592962821417, "mean_MP": Infinity, "std_MP": Infinity, "nrmse": 1.2112063339078145}