{"input_number": 4, "name": "20230804-182256", "architecture": [4, 60, 56, 25, 42, 23, 22, 16, 19, 1], "learning_rate": 0.003420540282034936, "dropout_rate": 0.3348589818400747, "learning_rate_decay": 0.96, "rythm": 20, "alpha_acti": 0, "batch_size": 32, "optimizer": "adam", "max_epochs": 400, "loss_function": "msle", "loss_delta_stop": 0.001, "batch_normalisation": true, "patience": 30, "data_seed": 1, "seed_tf": 1, "normalization_mean": [306.02556645258517, 9810041.426334664, 2034.1997121066752, 0.34688963078943297], "normalization_std": [253.97366940122356, 5578599.337366623, 1526.2736254055126, 0.27406103481826355], "metric_name": "msle", "mpe": 4.651591315253584, "mean_MP": 0.9985097474768404, "std_MP": 0.20308134747709444, "nrmse": 0.2440180624498355, "trained_epochs": 400, "verbose": 1, "mape": 17.11477835524058, "msle": 0.04438349732304025}