{"input_number": 4, "name": "20230802-143244", "architecture": [4, 61, 51, 28, 39, 26, 21, 20, 14, 1], "learning_rate": 0.0037, "dropout_rate": 0.325, "learning_rate_decay": 0.83, "rythm": 20, "alpha_acti": 0.2584341076378446, "batch_size": 32, "optimizer": "adam", "max_epochs": 400, "loss_function": "msle", "loss_delta_stop": 0.001, "batch_normalisation": true, "patience": 50, "data_seed": 1, "seed_tf": 1, "normalization_mean": [306.02556645258517, 9810041.426334664, 2034.1997121066752, 0.34688963078943297], "normalization_std": [253.97366940122356, 5578599.337366623, 1526.2736254055126, 0.27406103481826355], "mpe": -37.81542999247864, "msle": NaN, "mean_MP": 1.8605371550540846, "std_MP": 1.1502632646014828, "nrmse": 0.7463661218119336, "trained_epochs": 400, "verbose": 1, "metric_name": null, "mape": 41.17889536854655}