{"name": "20230725-042205", "architecture": [5, 61, 51, 28, 39, 26, 21, 20, 14, 1], "learning_rate": 0.001, "dropout_rate": 0.25401106288895464, "learning_rate_decay": 0.96, "rythm": 32, "alpha_acti": 0, "batch_size": 32, "optimizer": "adam", "max_epochs": 200, "loss_function": "msle", "loss_delta_stop": 0.001, "batch_normalisation": true, "patience": 20, "data_seed": 1, "seed_tf": 1, "normalization_mean": [305.9968678533564, 9754669.947074097, 2035.3910575194725, 0.34938015777910786, 471801.40008987417], "normalization_std": [253.754249736768, 5568103.752251855, 1520.165441868585, 0.27408590417553425, 330639.23572317336], "mpe": 66.79918958114533, "msle": 1.020097767183705, "mean_MP": 2.7220010591939197, "std_MP": 2.166944572102215, "nrmse": 0.906815355190629, "verbose": 1, "metric_name": null}