{"name": "20230728-140449", "input_number": 5, "architecture": [5, 43, 45, 48, 49, 46, 41, 40, 39, 36, 44, 1], "learning_rate": 0.001633, "dropout_rate": 0.243, "learning_rate_decay": 0.96, "rythm": 15, "alpha_acti": 0, "batch_size": 32, "optimizer": "adam", "max_epochs": 150, "loss_function": "msle", "loss_delta_stop": 0.01, "batch_normalisation": true, "patience": 15, "data_seed": 1, "seed_tf": 1, "normalization_mean": [305.9968678533564, 9754669.947074097, 2035.3910575194725, 0.34938015777910786, 471801.40008987417], "normalization_std": [253.754249736768, 5568103.752251855, 1520.165441868585, 0.27408590417553425, 330639.23572317336], "mpe": -49.24405040945494, "mean_MP": 2.395240823133634, "std_MP": 1.7579539789861893, "nrmse": 0.8609216868517005, "verbose": 0, "mape": 50.372783682801135, "msle": 0.8006261877386394}