{"name": "20230725-035509", "architecture": [5, 7, 20, 25, 35, 50, 55, 1], "learning_rate": 0.001362, "dropout_rate": 0.25401106288895464, "learning_rate_decay": 0.96, "rythm": 50, "alpha_acti": 0, "batch_size": 32, "optimizer": "adam", "max_epochs": 100, "loss_function": "msle", "loss_delta_stop": 0.001, "batch_normalisation": true, "patience": 20, "data_seed": 1, "seed_tf": 1, "normalization_mean": [305.9968678533564, 9754669.947074097, 2035.3910575194725, 0.34938015777910786, 471801.40008987417], "normalization_std": [253.754249736768, 5568103.752251855, 1520.165441868585, 0.27408590417553425, 330639.23572317336], "mpe": 80.895980293008, "msle": 2.5594336695673707, "mean_MP": "inf", "std_MP": null, "nrmse": 1.0428560642225249, "verbose": 1, "metric_name": null}